{
  "results": {
    "SPY": {
      "sharpe": 0.3724387831993655,
      "total_return_pct": 8.369261472137236,
      "max_dd_pct": 11.45611905636681,
      "year_2022_return": -6.532185786811495,
      "spy_sharpe": 0.570394361344098
    },
    "QQQ": {
      "sharpe": 0.28660858015660123,
      "total_return_pct": 7.807203366214321,
      "max_dd_pct": 15.72321925792648,
      "year_2022_return": -13.34273121773888,
      "spy_sharpe": 0.5002865439391875
    },
    "IWM": {
      "sharpe": 0.21150687283823758,
      "total_return_pct": 5.169180966115006,
      "max_dd_pct": 12.236563521529998,
      "year_2022_return": -5.8139028606317815,
      "spy_sharpe": 0.14502730908033823
    },
    "EFA": {
      "sharpe": -0.0115127836167264,
      "total_return_pct": -1.1362734432537103,
      "max_dd_pct": 14.270015701569061,
      "year_2022_return": -6.42014457663559,
      "spy_sharpe": 0.16583544119510352
    }
  },
  "effective_etfs": [
    "SPY",
    "QQQ",
    "IWM",
    "EFA"
  ]
}